[
  {
    "claimId": "CLM101",
    "policyNumber": "POL001",
    "claimStatus": "Approved",
    "dateCreated": "2024-07-30T09:15:00Z",
    "policyInfo": {
      "policyHolderName": "John Doe",
      "policyType": "gold"
    },
    "incidentDetails": {
      "claimType": "misfuelling",
      "dateOfIncident": "2024-07-29",
      "timeOfIncident": "17:30",
      "location": "Tesco Petrol Station, Guildford",
      "narrativeSummary": "The policyholder accidentally filled their petrol vehicle with diesel fuel. The car was not started and was towed to a local garage for draining."
    },
    "keyExtractedData": {
      "driverLicenseNumber": "DOE123456789AB",
      "vehicleRegistrationNumber": "JD01 CAR",
      "vehicleMake": "Audi",
      "vehicleModel": "A4",
      "policeReferenceNumber": null
    },
    "internalAssessment": {
      "assignedAgentId": "agent-system-auto",
      "fraudScore": 5,
      "redFlagsCount": 0,
      "fraudIndicators": [],
      "claimCost": {
        "totalEstimate": 350,
        "partsCost": 0,
        "laborCost": 350,
        "finalAmount": 350
      }
    },
    "categorySpecificData": {
      "accident": null,
      "theft": null,
      "damage": null,
      "misfuelling": {
        "fuelTypePutIn": "Diesel",
        "correctFuelType": "Petrol",
        "wasEngineStarted": false
      },
      "keys_locks": null,
      "child_seat": null,
      "courtesy_car": null,
      "audio_satnav": null
    },
    "evidenceLocker": [
      {
        "fileId": "uuid-misfuel-1",
        "fileName": "fuel_receipt.pdf",
        "fileType": "application/pdf",
        "uploadTimestamp": "2024-07-30T09:16:00Z",
        "url": "https://storage.googleapis.com/...",
        "isSummarized": true,
        "summary": "Fuel receipt from Tesco Petrol on 2024-07-29 confirms the purchase of 45 litres of diesel fuel.",
        "extractedDataFromFile": {
          "dateOfIncident": "2024-07-29",
          "location": "Tesco Petrol Station, Guildford"
        }
      },
      {
        "fileId": "uuid-misfuel-2",
        "fileName": "garage_flush_report.pdf",
        "fileType": "application/pdf",
        "uploadTimestamp": "2024-07-30T09:17:00Z",
        "url": "https://storage.googleapis.com/...",
        "isSummarized": true,
        "summary": "Report from 'Guildford Garage' confirms a fuel tank drain and flush was performed on an Audi A4 (JD01 CAR).",
        "extractedDataFromFile": {
          "vehicleRegistrationNumber": "JD01 CAR",
          "laborCost": 350
        }
      }
    ]
  },
  {
    "claimId": "CLM102",
    "policyNumber": "POL002",
    "claimStatus": "Under Review",
    "dateCreated": "2024-07-28T11:00:00Z",
    "policyInfo": {
      "policyHolderName": "Maria Garcia",
      "policyType": "gold"
    },
    "incidentDetails": {
      "claimType": "accident",
      "dateOfIncident": "2024-07-28",
      "timeOfIncident": "08:45",
      "location": "M4 Motorway, near Reading",
      "narrativeSummary": "Policyholder states they were rear-ended in slow-moving traffic. Third party claims the policyholder stopped suddenly."
    },
    "keyExtractedData": {
      "driverLicenseNumber": "GARCIAM876543EF",
      "vehicleRegistrationNumber": "MG22 XYZ",
      "vehicleMake": "BMW",
      "vehicleModel": "3 Series",
      "policeReferenceNumber": null
    },
    "internalAssessment": {
      "assignedAgentId": "agent-bob-smith",
      "fraudScore": 45,
      "redFlagsCount": 2,
      "fraudIndicators": [
        "Conflicting statements between policyholder and third party.",
        "Damage shown in photos seems more severe than expected for a low-speed collision."
      ],
      "claimCost": {
        "totalEstimate": 5200,
        "partsCost": 3500,
        "laborCost": 1700,
        "finalAmount": null
      }
    },
    "categorySpecificData": {
      "accident": {
        "accidentType": "Rear-end",
        "weatherConditions": "Clear",
        "isThirdPartyInvolved": true,
        "thirdParties": [
          {
            "name": "David Wilson",
            "address": "789 High Street, Bristol",
            "phone": "+447123123123",
            "vehicleReg": "DW88 ABC",
            "insuranceCompany": "Competitor Insurance Ltd."
          }
        ]
      },
      "theft": null,
      "damage": null,
      "misfuelling": null,
      "keys_locks": null,
      "child_seat": null,
      "courtesy_car": null,
      "audio_satnav": null
    },
    "evidenceLocker": [
      {
        "fileId": "uuid-accident-1",
        "fileName": "dashcam.mp4",
        "fileType": "video/mp4",
        "uploadTimestamp": "2024-07-28T11:01:00Z",
        "url": "https://storage.googleapis.com/...",
        "isSummarized": true,
        "summary": "Dashcam video shows the insured vehicle moving slowly in traffic. The video ends abruptly before the moment of impact.",
        "extractedDataFromFile": {}
      },
      {
        "fileId": "uuid-accident-2",
        "fileName": "vehicle_damage_photos.zip",
        "fileType": "application/zip",
        "uploadTimestamp": "2024-07-28T11:02:00Z",
        "url": "https://storage.googleapis.com/...",
        "isSummarized": false,
        "summary": null,
        "extractedDataFromFile": {}
      }
    ]
  },
  {
    "claimId": "CLM103",
    "policyNumber": "POL003",
    "claimStatus": "Pending",
    "dateCreated": "2024-07-27T18:20:00Z",
    "policyInfo": {
      "policyHolderName": "Kenji Tanaka",
      "policyType": "silver"
    },
    "incidentDetails": {
      "claimType": "audio_satnav",
      "dateOfIncident": "2024-07-27",
      "timeOfIncident": "14:00",
      "location": "NCP Car Park, Birmingham",
      "narrativeSummary": "Vehicle was broken into while parked. The aftermarket satellite navigation and audio head unit were stolen."
    },
    "keyExtractedData": {
      "driverLicenseNumber": "TANAK901234GH",
      "vehicleRegistrationNumber": "KT19 JPN",
      "vehicleMake": "Honda",
      "vehicleModel": "Civic",
      "policeReferenceNumber": "CRN-BHAM-554433"
    },
    "internalAssessment": {
      "assignedAgentId": null,
      "fraudScore": 10,
      "redFlagsCount": 0,
      "fraudIndicators": [],
      "claimCost": {
        "totalEstimate": 650,
        "partsCost": 650,
        "laborCost": 0,
        "finalAmount": null
      }
    },
    "categorySpecificData": {
      "accident": null,
      "theft": null,
      "damage": null,
      "misfuelling": null,
      "keys_locks": null,
      "child_seat": null,
      "courtesy_car": null,
      "audio_satnav": {
        "itemDescription": "Garmin DriveSmart 65 & Kenwood DMX5020DABS",
        "estimatedValue": 650
      }
    },
    "evidenceLocker": [
      {
        "fileId": "uuid-audio-1",
        "fileName": "receipt-kenwood-dmx.pdf",
        "fileType": "application/pdf",
        "uploadTimestamp": "2024-07-27T18:21:00Z",
        "url": "https://storage.googleapis.com/...",
        "isSummarized": true,
        "summary": "A purchase receipt from 'Halfords' for a Kenwood DMX5020DABS for £400.",
        "extractedDataFromFile": {
          "itemDescription": "Kenwood DMX5020DABS",
          "estimatedValue": 400
        }
      },
      {
        "fileId": "uuid-audio-2",
        "fileName": "photo_of_smashed_window.jpeg",
        "fileType": "image/jpeg",
        "uploadTimestamp": "2024-07-27T18:22:00Z",
        "url": "https://storage.googleapis.com/...",
        "isSummarized": true,
        "summary": "A photo showing the front passenger side window of a silver Honda Civic has been smashed.",
        "extractedDataFromFile": {}
      }
    ]
  },
  {
    "claimId": "CLM104",
    "policyNumber": "POL004",
    "claimStatus": "Under Review",
    "dateCreated": "2024-07-26T15:10:00Z",
    "policyInfo": {
      "policyHolderName": "Fatima Al-Jamil",
      "policyType": "silver"
    },
    "incidentDetails": {
      "claimType": "accident",
      "dateOfIncident": "2024-07-25",
      "timeOfIncident": "12:00",
      "location": "Sainsbury's Car Park, Manchester",
      "narrativeSummary": "Policyholder's vehicle was hit by a third party who was reversing out of a parking space without looking. Minor damage to the driver's side door."
    },
    "keyExtractedData": {
      "driverLicenseNumber": "ALJAMF112233IJ",
      "vehicleRegistrationNumber": "FA21 SAU",
      "vehicleMake": "Toyota",
      "vehicleModel": "Yaris",
      "policeReferenceNumber": null
    },
    "internalAssessment": {
      "assignedAgentId": "agent-susan-jones",
      "fraudScore": 8,
      "redFlagsCount": 0,
      "fraudIndicators": [],
      "claimCost": {
        "totalEstimate": 850,
        "partsCost": 400,
        "laborCost": 450,
        "finalAmount": null
      }
    },
    "categorySpecificData": {
      "accident": {
        "accidentType": "Hit while parked",
        "weatherConditions": "Overcast",
        "isThirdPartyInvolved": true,
        "thirdParties": [
          {
            "name": "Thomas Wright",
            "address": "12 Green Lane, Manchester",
            "phone": "+447999888777",
            "vehicleReg": "TW65 OLD",
            "insuranceCompany": "Direct Line"
          }
        ]
      },
      "theft": null,
      "damage": null,
      "misfuelling": null,
      "keys_locks": null,
      "child_seat": null,
      "courtesy_car": null,
      "audio_satnav": null
    },
    "evidenceLocker": [
      {
        "fileId": "uuid-silver-tp-1",
        "fileName": "third_party_note.jpeg",
        "fileType": "image/jpeg",
        "uploadTimestamp": "2024-07-26T15:11:00Z",
        "url": "https://storage.googleapis.com/...",
        "isSummarized": true,
        "summary": "A photo of a handwritten note left on the windscreen with the name 'Tom Wright' and a phone number.",
        "extractedDataFromFile": {
          "thirdPartyName": "Tom Wright",
          "phone": "07999888777"
        }
      }
    ]
  },
  {
    "claimId": "CLM105",
    "policyNumber": "POL005",
    "claimStatus": "More Info Required",
    "dateCreated": "2024-07-25T10:00:00Z",
    "policyInfo": {
      "policyHolderName": "David Chen",
      "policyType": "gold"
    },
    "incidentDetails": {
      "claimType": "accident",
      "dateOfIncident": "2024-07-20",
      "timeOfIncident": "18:00",
      "location": "Fiveways Intersection, London",
      "narrativeSummary": "Disputed liability at a busy intersection. Both parties claim to have had a green light. Policyholder is claiming for vehicle damage and personal injury (whiplash)."
    },
    "keyExtractedData": {
      "driverLicenseNumber": "CHEND987654KL",
      "vehicleRegistrationNumber": "DC23 LHR",
      "vehicleMake": "Mercedes-Benz",
      "vehicleModel": "C-Class",
      "policeReferenceNumber": "CRN-MET-998877"
    },
    "internalAssessment": {
      "assignedAgentId": "agent-jane-doe",
      "fraudScore": 75,
      "redFlagsCount": 3,
      "fraudIndicators": [
        "Claim involves personal injury (whiplash), which is commonly fraudulent.",
        "Disputed liability with conflicting statements.",
        "Policyholder has made two other accident claims in the last 24 months."
      ],
      "claimCost": {
        "totalEstimate": 9500,
        "partsCost": 7000,
        "laborCost": 2500,
        "finalAmount": null
      }
    },
    "categorySpecificData": {
      "accident": {
        "accidentType": "Intersection collision",
        "weatherConditions": "Clear",
        "isThirdPartyInvolved": true,
        "thirdParties": [
          {
            "name": "Sarah Jenkins",
            "address": "55 Side Road, London",
            "phone": "+447555444333",
            "vehicleReg": "SJ18 WWW",
            "insuranceCompany": "Aviva"
          }
        ]
      },
      "theft": null,
      "damage": null,
      "misfuelling": null,
      "keys_locks": null,
      "child_seat": null,
      "courtesy_car": null,
      "audio_satnav": null
    },
    "evidenceLocker": [
      {
        "fileId": "uuid-gold-tp-1",
        "fileName": "police_report.pdf",
        "fileType": "application/pdf",
        "uploadTimestamp": "2024-07-25T10:01:00Z",
        "url": "https://storage.googleapis.com/...",
        "isSummarized": true,
        "summary": "Metropolitan Police report notes a collision at Fiveways Intersection, but states liability is disputed and there were no independent witnesses.",
        "extractedDataFromFile": {
          "policeReferenceNumber": "CRN-MET-998877",
          "location": "Fiveways Intersection"
        }
      },
      {
        "fileId": "uuid-gold-tp-2",
        "fileName": "initial_medical_assessment.pdf",
        "fileType": "application/pdf",
        "uploadTimestamp": "2024-07-25T10:02:00Z",
        "url": "https://storage.googleapis.com/...",
        "isSummarized": true,
        "summary": "A medical report from a GP confirming the patient, David Chen, reports neck pain consistent with whiplash.",
        "extractedDataFromFile": {}
      }
    ]
  },
  {
    "claimId": "CLM106",
    "policyNumber": "POL006",
    "claimStatus": "Under Review",
    "dateCreated": "2024-07-24T12:00:00Z",
    "policyInfo": {
      "policyHolderName": "Sophie Dubois",
      "policyType": "gold"
    },
    "incidentDetails": {
      "claimType": "theft",
      "dateOfIncident": "2024-07-22",
      "timeOfIncident": "23:00",
      "location": "Secure public car park, Edinburgh",
      "narrativeSummary": "Vehicle was stolen from a ticketed, barrier-entry public car park overnight. The policyholder discovered the vehicle was missing the next morning."
    },
    "keyExtractedData": {
      "driverLicenseNumber": "DUBOIS54321MN",
      "vehicleRegistrationNumber": "SD24 EDI",
      "vehicleMake": "Range Rover",
      "vehicleModel": "Evoque",
      "policeReferenceNumber": "CRN-EDI-112233"
    },
    "internalAssessment": {
      "assignedAgentId": "agent-bob-smith",
      "fraudScore": 20,
      "redFlagsCount": 1,
      "fraudIndicators": [
        "Significant delay (over 36 hours) between discovering the theft and reporting it to the police."
      ],
      "claimCost": {
        "totalEstimate": 45000,
        "partsCost": null,
        "laborCost": null,
        "finalAmount": null
      }
    },
    "categorySpecificData": {
      "accident": null,
      "theft": {
        "theftType": "Stolen Vehicle",
        "areAllKeysAccountedFor": false
      },
      "damage": null,
      "misfuelling": null,
      "keys_locks": null,
      "child_seat": null,
      "courtesy_car": null,
      "audio_satnav": null
    },
    "evidenceLocker": [
      {
        "fileId": "uuid-theft-1",
        "fileName": "V5C_logbook.pdf",
        "fileType": "application/pdf",
        "uploadTimestamp": "2024-07-24T12:01:00Z",
        "url": "https://storage.googleapis.com/...",
        "isSummarized": true,
        "summary": "V5C document confirms Sophie Dubois is the registered keeper of the Range Rover Evoque (SD24 EDI).",
        "extractedDataFromFile": {
          "policyHolderName": "Sophie Dubois",
          "vehicleRegistrationNumber": "SD24 EDI"
        }
      },
      {
        "fileId": "uuid-theft-2",
        "fileName": "police_report.pdf",
        "fileType": "application/pdf",
        "uploadTimestamp": "2024-07-24T12:02:00Z",
        "url": "https://storage.googleapis.com/...",
        "isSummarized": true,
        "summary": "Police Scotland report with crime reference CRN-EDI-112233 confirms the vehicle was reported stolen on 2024-07-24.",
        "extractedDataFromFile": {
          "policeReferenceNumber": "CRN-EDI-112233"
        }
      }
    ]
  }
]
